{
    "특별징수 납부서 - Header": [
        {
            "번호": 1,
            "한글명": "자료구분",
            "영문명": "DATA_DIV ",
            "TYPE": "CHAR",
            "길이": 2,
            "누적": 2,
            "비고": "Not Null",
            "점검내용": 21,
            "분류": "FIX "
        },
        {
            "번호": 2,
            "한글명": "서식코드",
            "영문명": " DOC_COD",
            "TYPE": "CHAR",
            "길이": 7,
            "누적": 9,
            "비고": "Not Null",
            "점검내용": "A103900",
            "분류": "FIX "
        },
        {
            "번호": 3,
            "한글명": "사업장소재지 시도코드",
            "영문명": "SIDO_COD",
            "TYPE": "CHAR",
            "길이": 2,
            "누적": 11,
            "비고": "Not null",
            "점검내용": "법정동코드시트 참조",
            "분류": " CODE"
        },
        {
            "번호": 4,
            "한글명": "사업장소재지 시군구코드",
            "영문명": "SGG_COD",
            "TYPE": "CHAR",
            "길이": 3,
            "누적": 14,
            "비고": "Not null",
            "점검내용": "법정동코드시트 참조",
            "분류": " CODE"
        },
        {
            "번호": 5,
            "한글명": "사업장소재지 법정동코드",
            "영문명": "LDONG_COD",
            "TYPE": "CHAR",
            "길이": 5,
            "누적": 19,
            "비고": "Not null default 鼀‘",
            "점검내용": "법정동코드시트 참조",
            "분류": "CODE "
        },
        {
            "번호": 6,
            "한글명": "세목코드",
            "영문명": "TAX_ITEM",
            "TYPE": "CHAR",
            "길이": 6,
            "누적": 25,
            "비고": "Not Null",
            "점검내용": 140004,
            "분류": " FIX"
        },
        {
            "번호": 7,
            "한글명": "과세년월",
            "영문명": "TAX_YYMM",
            "TYPE": "CHAR",
            "길이": 6,
            "누적": 31,
            "비고": "Not null",
            "점검내용": "년월형식점검",
            "분류": "YYYYMM"
        },
        {
            "번호": 8,
            "한글명": "과세구분",
            "영문명": "TAX_DIV",
            "TYPE": "CHAR",
            "길이": 1,
            "누적": 32,
            "비고": "Not null",
            "점검내용": "3 ",
            "분류": "FIX"
        },
        {
            "번호": 9,
            "한글명": "납부구분",
            "영문명": "REQ_DIV",
            "TYPE": "CHAR",
            "길이": 1,
            "누적": 33,
            "비고": "Not null",
            "점검내용": "1,2",
            "분류": "CODE"
        },
        {
            "번호": 10,
            "한글명": "신고일자",
            "영문명": "TAX_DT",
            "TYPE": "CHAR",
            "길이": 8,
            "누적": 41,
            "비고": "Not null",
            "점검내용": "일자형식점검",
            "분류": "DATE"
        },
        {
            "번호": 11,
            "한글명": "개인/법인구분",
            "영문명": "TPR_COD",
            "TYPE": "CHAR",
            "길이": 2,
            "누적": 43,
            "비고": "Not null",
            "점검내용": "01,02,21,22,23,24,25,26,27,28,29,31,32,33,34,35,36,37,38,39,82,83,84,85,90",
            "분류": "CODE"
        },
        {
            "번호": 12,
            "한글명": "주민(법인)등록번호",
            "영문명": "REG_NO",
            "TYPE": "CHAR",
            "길이": 13,
            "누적": 56,
            "비고": "Not null",
            "점검내용": "숫자,길이점검",
            "분류": ""
        },
        {
            "번호": 13,
            "한글명": "성명(법인명)",
            "영문명": "REG_NM",
            "TYPE": "CHAR",
            "길이": 80,
            "누적": 136,
            "비고": "Not null",
            "점검내용": "길이점검",
            "분류": ""
        },
        {
            "번호": 14,
            "한글명": "사업자등록번호",
            "영문명": "BIZ_NO",
            "TYPE": "CHAR",
            "길이": 10,
            "누적": 146,
            "비고": "Null 허용",
            "점검내용": "길이점검",
            "분류": ""
        },
        {
            "번호": 15,
            "한글명": "상호",
            "영문명": "CMP_NM",
            "TYPE": "CHAR",
            "길이": 80,
            "누적": 226,
            "비고": "Null 허용",
            "점검내용": "길이점검",
            "분류": ""
        },
        {
            "번호": 16,
            "한글명": "사업장소재지 우편번호",
            "영문명": "BIZ_ZIP_NO",
            "TYPE": "CHAR",
            "길이": 6,
            "누적": 232,
            "비고": "Not null",
            "점검내용": "http://www.epost.go.kr참조",
            "분류": ""
        },
        {
            "번호": 17,
            "한글명": "사업장 주소",
            "영문명": "BIZ_ADDR",
            "TYPE": "CHAR",
            "길이": 200,
            "누적": 432,
            "비고": "Not null",
            "점검내용": "길이점검",
            "분류": ""
        },
        {
            "번호": 18,
            "한글명": "전화번호",
            "영문명": "BIZ_TEL",
            "TYPE": "CHAR",
            "길이": 30,
            "누적": 462,
            "비고": "Null 허용",
            "점검내용": "길이점검",
            "분류": ""
        },
        {
            "번호": 19,
            "한글명": "핸드폰번호",
            "영문명": "MO_TEL",
            "TYPE": "CHAR",
            "길이": 30,
            "누적": 492,
            "비고": "Null 허용",
            "점검내용": "길이점검",
            "분류": ""
        },
        {
            "번호": 20,
            "한글명": "지급연월",
            "영문명": "SUP_YYMM",
            "TYPE": "CHAR",
            "길이": 6,
            "누적": 498,
            "비고": "Not Null",
            "점검내용": "반기의 경우 ",
            "분류": " DATE"
        },
        {
            "번호": 21,
            "한글명": "귀속연월",
            "영문명": "RVSN_YYMM",
            "TYPE": "CHAR",
            "길이": 6,
            "누적": 504,
            "비고": "Not Null",
            "점검내용": "년월형식점검",
            "분류": ""
        },
        {
            "번호": 22,
            "한글명": "당초납기일자",
            "영문명": "F_DUE_DT",
            "TYPE": "CHAR",
            "길이": 8,
            "누적": 512,
            "비고": "Not null",
            "점검내용": "납부기한   , ",
            "분류": "DATE"
        },
        {
            "번호": 23,
            "한글명": "납기일자",
            "영문명": "DUE_DT",
            "TYPE": "CHAR",
            "길이": 8,
            "누적": 520,
            "비고": "Not null",
            "점검내용": "",
            "분류": "DATE"
        },
        {
            "번호": 24,
            "한글명": "세율",
            "영문명": "TAX_RT",
            "TYPE": "NUMBER",
            "길이": "5,3",
            "누적": 525,
            "비고": "Not null default 0",
            "점검내용": 0,
            "분류": ""
        },
        {
            "번호": 25,
            "한글명": "과세표준합계",
            "영문명": "TOT_STD_AMT",
            "TYPE": "NUMBER",
            "길이": 15,
            "누적": 540,
            "비고": "Not null default 0",
            "점검내용": "양의정수형식점검",
            "분류": ""
        },
        {
            "번호": 26,
            "한글명": "지방소득세합계",
            "영문명": "PAY_RSTX",
            "TYPE": "NUMBER",
            "길이": 15,
            "누적": 555,
            "비고": "Not null default 0",
            "점검내용": "양의정수형식점검",
            "분류": ""
        },
        {
            "번호": 27,
            "한글명": "가산세유무",
            "영문명": "ADTX_YN",
            "TYPE": "CHAR",
            "길이": 1,
            "누적": 556,
            "비고": "Not null default 䃲’",
            "점검내용": "1,2",
            "분류": "CODE"
        },
        {
            "번호": 28,
            "한글명": "가산세1정액",
            "영문명": "ADTX_AM",
            "TYPE": "NUMBER",
            "길이": 15,
            "누적": 571,
            "비고": "Not null default 0",
            "점검내용": "가산세 3% 또는 10%",
            "분류": ""
        },
        {
            "번호": 29,
            "한글명": "가산세2지연기간",
            "영문명": "DLQ_ADTX",
            "TYPE": "NUMBER",
            "길이": 15,
            "누적": 586,
            "비고": "Not null default 0",
            "점검내용": "지연일수에 따른   가산세",
            "분류": ""
        },
        {
            "번호": 30,
            "한글명": "납부지연일수",
            "영문명": "DLQ_CNT",
            "TYPE": "NUMBER",
            "길이": 4,
            "누적": 590,
            "비고": "Not null default 0",
            "점검내용": "숫자,길이점검",
            "분류": ""
        },
        {
            "번호": 31,
            "한글명": "가산세",
            "영문명": "PAY_ADTX",
            "TYPE": "NUMBER",
            "길이": 15,
            "누적": 605,
            "비고": "Not null default 0",
            "점검내용": "\"가산세합계\" ",
            "분류": ""
        },
        {
            "번호": 32,
            "한글명": "비고",
            "영문명": "MEMO",
            "TYPE": "CHAR",
            "길이": 100,
            "누적": 705,
            "비고": "Null 허용",
            "점검내용": "",
            "분류": "SPACE"
        },
        {
            "번호": 33,
            "한글명": "당월기타환급액",
            "영문명": "ADD_MM_RTN",
            "TYPE": "NUMBER",
            "길이": 15,
            "누적": 720,
            "비고": "Not null default 0",
            "점검내용": "양의정수형식점검",
            "분류": ""
        },
        {
            "번호": 34,
            "한글명": "당월추가납부액",
            "영문명": "ADD_MM_AAMT",
            "TYPE": "NUMBER",
            "길이": 15,
            "누적": 735,
            "비고": "Not null default 0",
            "점검내용": "양의정수형식점검",
            "분류": ""
        },
        {
            "번호": 35,
            "한글명": "연말정산환급액",
            "영문명": "ADD_YY_TRTN",
            "TYPE": "NUMBER",
            "길이": 15,
            "누적": 750,
            "비고": "Not null default 0",
            "점검내용": "양의정수형식점검",
            "분류": ""
        },
        {
            "번호": 36,
            "한글명": "연말정산추가납부액",
            "영문명": "ADD_YY_TAMT",
            "TYPE": "NUMBER",
            "길이": 15,
            "누적": 765,
            "비고": "Not null default 0",
            "점검내용": "양의정수형식점검",
            "분류": ""
        },
        {
            "번호": 37,
            "한글명": "중도퇴사자환급액",
            "영문명": "ADD_ETC_RTN",
            "TYPE": "NUMBER",
            "길이": 15,
            "누적": 780,
            "비고": "Not null default 0",
            "점검내용": "양의정수형식점검",
            "분류": ""
        },
        {
            "번호": 38,
            "한글명": "가산세대상추가납부액",
            "영문명": "ADD_RDT_ADTX",
            "TYPE": "NUMBER",
            "길이": 15,
            "누적": 795,
            "비고": "Not null default 0",
            "점검내용": "양의정수형식점검",
            "분류": ""
        },
        {
            "번호": 39,
            "한글명": "가산세대상추가가산세",
            "영문명": "ADD_RDT_AADD",
            "TYPE": "NUMBER",
            "길이": 15,
            "누적": 810,
            "비고": "Not null default 0",
            "점검내용": "양의정수형식점검",
            "분류": ""
        },
        {
            "번호": 40,
            "한글명": "환급합계금액",
            "영문명": "ADD_SUM_RTN",
            "TYPE": "NUMBER",
            "길이": 15,
            "누적": 825,
            "비고": "Not null default 0",
            "점검내용": "당월기타환급액+연말정산환급액+중도퇴사자환급액",
            "분류": ""
        },
        {
            "번호": 41,
            "한글명": "추가납부합계금액",
            "영문명": "ADD_SUM_AAMT",
            "TYPE": "NUMBER",
            "길이": 15,
            "누적": 840,
            "비고": "Not null default 0",
            "점검내용": "당월추가납부액+연말정산추가납부액+가산세대상추가납부액+가산세대상추가가산세",
            "분류": ""
        },
        {
            "번호": 42,
            "한글명": "가감조정금액",
            "영문명": "ADD_OUT_AMT",
            "TYPE": "NUMBER",
            "길이": 15,
            "누적": 855,
            "비고": "Not null default 0",
            "점검내용": "41.추가납부합계금액",
            "분류": ""
        },
        {
            "번호": 43,
            "한글명": "납부총금액",
            "영문명": "ADD_TOT_AMT",
            "TYPE": "NUMBER",
            "길이": 15,
            "누적": 870,
            "비고": "Not null default 0",
            "점검내용": "26.지방소득세합계",
            "분류": ""
        },
        {
            "번호": 44,
            "한글명": "납부할 지방소득세",
            "영문명": "INTX",
            "TYPE": "NUMBER",
            "길이": 15,
            "누적": 885,
            "비고": "Not null default 0",
            "점검내용": "43.납부총금액-(31.가산세+39.가산세대상추가가산세)",
            "분류": ""
        },
        {
            "번호": 45,
            "한글명": "납부할 가산세",
            "영문명": "TOT_ADTX",
            "TYPE": "NUMBER",
            "길이": 15,
            "누적": 900,
            "비고": "Not null default 0",
            "점검내용": "43.납부총금액-44.납부할 지방소득세",
            "분류": ""
        },
        {
            "번호": 46,
            "한글명": "차감후환급잔액",
            "영문명": "ADD_OUT_SAMT",
            "TYPE": "NUMBER",
            "길이": 15,
            "누적": 915,
            "비고": "Not null default 0",
            "점검내용": "가감조정금액 양수값",
            "분류": ""
        },
        {
            "번호": 47,
            "한글명": "가감조정금액음수값여부",
            "영문명": "MINU_YN",
            "TYPE": "CHAR   ",
            "길이": 1,
            "누적": 916,
            "비고": "Null 허용",
            "점검내용": "Y:음수 N:양수",
            "분류": ""
        },
        {
            "번호": 48,
            "한글명": "세무대리인주민등록번호",
            "영문명": "RPT_REG_NO",
            "TYPE": "CHAR",
            "길이": 13,
            "누적": 929,
            "비고": "Null 허용",
            "점검내용": "숫자,길이점검",
            "분류": ""
        },
        {
            "번호": 49,
            "한글명": "세무대리인성명",
            "영문명": "RPT_NM",
            "TYPE": "CHAR",
            "길이": 80,
            "누적": 1009,
            "비고": "Null 허용",
            "점검내용": "길이점검",
            "분류": ""
        },
        {
            "번호": 50,
            "한글명": "세무대리인사업자등록번호",
            "영문명": "RPT_BIZ_NO ",
            "TYPE": "CHAR",
            "길이": 10,
            "누적": 1019,
            "비고": "Null 허용",
            "점검내용": "사업자등록번호 ",
            "분류": ""
        },
        {
            "번호": 51,
            "한글명": "세무대리인전화번호",
            "영문명": "RPT_TEL",
            "TYPE": "CHAR",
            "길이": 30,
            "누적": 1049,
            "비고": "Null 허용",
            "점검내용": "숫자,길이점검",
            "분류": ""
        },
        {
            "번호": 52,
            "한글명": "세무프로그램코드",
            "영문명": "TAX_PRO_CD",
            "TYPE": "CHAR",
            "길이": 4,
            "누적": 1053,
            "비고": "Not null",
            "점검내용": "국세코드 준용",
            "분류": ""
        },
        {
            "번호": 53,
            "한글명": "공란",
            "영문명": " A_SPACE",
            "TYPE": "CHAR",
            "길이": 27,
            "누적": 1080,
            "비고": "",
            "점검내용": "Space",
            "분류": ""
        }
    ]
}