{
    "원천징수이행상황신고서-Header": [
        {
            "번호": 1,
            "한글명": "자료구분",
            "서식항목": "",
            "TYPE": "CHAR",
            "길이": 2,
            "누적": 2,
            "필수": "Not Null",
            "점검내용": 21
        },
        {
            "번호": 2,
            "한글명": "서식코드",
            "서식항목": "",
            "TYPE": "CHAR",
            "길이": 7,
            "누적": 9,
            "필수": "Not Null",
            "점검내용": "C103900"
        },
        {
            "번호": 3,
            "한글명": "납세자ID",
            "서식항목": "",
            "TYPE": "CHAR",
            "길이": 13,
            "누적": 22,
            "필수": "Not Null",
            "점검내용": "무세적점검"
        },
        {
            "번호": 4,
            "한글명": "세목코드",
            "서식항목": "",
            "TYPE": "CHAR",
            "길이": 2,
            "누적": 24,
            "필수": "Not Null",
            "점검내용": 14
        },
        {
            "번호": 5,
            "한글명": "신고구분코드",
            "서식항목": -1,
            "TYPE": "CHAR",
            "길이": 2,
            "누적": 26,
            "필수": "Not Null",
            "점검내용": 1
        },
        {
            "번호": 6,
            "한글명": "신고구분상세코드",
            "서식항목": -1,
            "TYPE": "CHAR",
            "길이": 2,
            "누적": 28,
            "필수": "Not Null",
            "점검내용": "01,02,03"
        },
        {
            "번호": 7,
            "한글명": "신고서종류코드",
            "서식항목": "",
            "TYPE": "CHAR",
            "길이": 3,
            "누적": 31,
            "필수": "Not Null",
            "점검내용": "F01"
        },
        {
            "번호": 8,
            "한글명": "귀속연월",
            "서식항목": -2,
            "TYPE": "CHAR",
            "길이": 6,
            "누적": 37,
            "필수": "Not Null",
            "점검내용": "년월형식점검"
        },
        {
            "번호": 9,
            "한글명": "지급연월",
            "서식항목": -3,
            "TYPE": "CHAR",
            "길이": 6,
            "누적": 43,
            "필수": "Not Null",
            "점검내용": "년월형식점검"
        },
        {
            "번호": 10,
            "한글명": "제출연월",
            "서식항목": "",
            "TYPE": "CHAR",
            "길이": 6,
            "누적": 49,
            "필수": "Not Null",
            "점검내용": "년월형식점검"
        },
        {
            "번호": 11,
            "한글명": "사용자ID",
            "서식항목": "",
            "TYPE": "CHAR",
            "길이": 20,
            "누적": 69,
            "필수": "Not Null",
            "점검내용": "길이점검"
        },
        {
            "번호": 12,
            "한글명": "민원종류코드",
            "서식항목": "",
            "TYPE": "CHAR",
            "길이": 5,
            "누적": 74,
            "필수": "",
            "점검내용": "FF001,FF101"
        },
        {
            "번호": 13,
            "한글명": "세무대리인사업자번호",
            "서식항목": "",
            "TYPE": "CHAR",
            "길이": 10,
            "누적": 84,
            "필수": "",
            "점검내용": "무세적점검"
        },
        {
            "번호": 14,
            "한글명": "세무대리인성명",
            "서식항목": "",
            "TYPE": "CHAR",
            "길이": 30,
            "누적": 114,
            "필수": "",
            "점검내용": ""
        },
        {
            "번호": 15,
            "한글명": "세무대리인관리번호",
            "서식항목": "",
            "TYPE": "CHAR",
            "길이": 6,
            "누적": 120,
            "필수": "",
            "점검내용": ""
        },
        {
            "번호": 16,
            "한글명": "세무대리인전화번호",
            "서식항목": "",
            "TYPE": "CHAR",
            "길이": 14,
            "누적": 134,
            "필수": "",
            "점검내용": ""
        },
        {
            "번호": 17,
            "한글명": "법인명(상호)",
            "서식항목": "",
            "TYPE": "CHAR",
            "길이": 30,
            "누적": 164,
            "필수": "Not Null",
            "점검내용": "공란점검"
        },
        {
            "번호": 18,
            "한글명": "사업장소재지",
            "서식항목": "",
            "TYPE": "CHAR",
            "길이": 70,
            "누적": 234,
            "필수": "",
            "점검내용": ""
        },
        {
            "번호": 19,
            "한글명": "사업장전화번호",
            "서식항목": "",
            "TYPE": "CHAR",
            "길이": 14,
            "누적": 248,
            "필수": "",
            "점검내용": ""
        },
        {
            "번호": 20,
            "한글명": "전자메일주소",
            "서식항목": "",
            "TYPE": "CHAR",
            "길이": 50,
            "누적": 298,
            "필수": "",
            "점검내용": ""
        },
        {
            "번호": 21,
            "한글명": "성명(대표자명)",
            "서식항목": "",
            "TYPE": "CHAR",
            "길이": 30,
            "누적": 328,
            "필수": "Not Null",
            "점검내용": "공란점검"
        },
        {
            "번호": 22,
            "한글명": "원천신고구분",
            "서식항목": -1,
            "TYPE": "CHAR",
            "길이": 2,
            "누적": 330,
            "필수": "Not Null",
            "점검내용": "01,02"
        },
        {
            "번호": 23,
            "한글명": "연말정산여부",
            "서식항목": -1,
            "TYPE": "CHAR",
            "길이": 1,
            "누적": 331,
            "필수": "Not Null",
            "점검내용": "Y,N"
        },
        {
            "번호": 24,
            "한글명": "소득처분여부",
            "서식항목": -1,
            "TYPE": "CHAR",
            "길이": 1,
            "누적": 332,
            "필수": "Not Null",
            "점검내용": "Y,N"
        },
        {
            "번호": 25,
            "한글명": "환급신청여부",
            "서식항목": -1,
            "TYPE": "CHAR",
            "길이": 1,
            "누적": 333,
            "필수": "Not Null",
            "점검내용": "Y,N"
        },
        {
            "번호": 26,
            "한글명": "일괄납부여부",
            "서식항목": "",
            "TYPE": "CHAR",
            "길이": 1,
            "누적": 334,
            "필수": "Not Null",
            "점검내용": "Y,N"
        },
        {
            "번호": 27,
            "한글명": "사업자단위과세여부",
            "서식항목": "",
            "TYPE": "CHAR",
            "길이": 1,
            "누적": 335,
            "필수": "Not Null",
            "점검내용": "Y,N"
        },
        {
            "번호": 28,
            "한글명": "신고서부표여부(신고서(뒤쪽)작성여부)",
            "서식항목": "",
            "TYPE": "CHAR",
            "길이": 1,
            "누적": 336,
            "필수": "Not Null",
            "점검내용": "Y,N"
        },
        {
            "번호": 29,
            "한글명": "차월이월환급세액승계명세여부",
            "서식항목": "",
            "TYPE": "CHAR",
            "길이": 1,
            "누적": 337,
            "필수": "Not Null",
            "점검내용": "Y,N"
        },
        {
            "번호": 30,
            "한글명": "기납부세액명세서제출여부",
            "서식항목": "",
            "TYPE": "CHAR",
            "길이": 1,
            "누적": 338,
            "필수": "Not Null",
            "점검내용": "Y,N"
        },
        {
            "번호": 31,
            "한글명": "예입처(은행코드)",
            "서식항목": "",
            "TYPE": "CHAR",
            "길이": 3,
            "누적": 341,
            "필수": "",
            "점검내용": "길이점검"
        },
        {
            "번호": 32,
            "한글명": "계좌번호",
            "서식항목": "",
            "TYPE": "CHAR",
            "길이": 20,
            "누적": 361,
            "필수": "",
            "점검내용": ""
        },
        {
            "번호": 33,
            "한글명": "작성일자",
            "서식항목": "",
            "TYPE": "CHAR",
            "길이": 8,
            "누적": 369,
            "필수": "Not Null",
            "점검내용": "일자형식점검"
        },
        {
            "번호": 34,
            "한글명": "세무프로그램코드",
            "서식항목": "",
            "TYPE": "CHAR",
            "길이": 4,
            "누적": 373,
            "필수": "Not Null",
            "점검내용": "길이점검"
        },
        {
            "번호": 35,
            "한글명": "공란",
            "서식항목": "",
            "TYPE": "CHAR",
            "길이": 27,
            "누적": 400,
            "필수": "",
            "점검내용": "Space"
        }
    ],
    "원천징수이행상황신고서_환급세액 조정": [
        {
            "번호": 1,
            "한글명": "자료구분",
            "서식항목": "",
            "TYPE": "CHAR",
            "길이": 2,
            "누적": 2,
            "필수": "Not Null",
            "점검내용": 22
        },
        {
            "번호": 2,
            "한글명": "서식코드",
            "서식항목": "",
            "TYPE": "CHAR",
            "길이": 7,
            "누적": 9,
            "필수": "Not Null",
            "점검내용": "C103900"
        },
        {
            "번호": 3,
            "한글명": "(12)전월미환급세액",
            "서식항목": -12,
            "TYPE": "NUMBER",
            "길이": 15,
            "누적": 24,
            "필수": "Not Null",
            "점검내용": "양수및정수검증"
        },
        {
            "번호": 4,
            "한글명": "(13)기환급신청세액",
            "서식항목": -13,
            "TYPE": "NUMBER",
            "길이": 15,
            "누적": 39,
            "필수": "Not Null",
            "점검내용": "양수및정수검증"
        },
        {
            "번호": 5,
            "한글명": "(14)차감잔액",
            "서식항목": -14,
            "TYPE": "NUMBER",
            "길이": 15,
            "누적": 54,
            "필수": "Not Null",
            "점검내용": "양수및정수검증"
        },
        {
            "번호": 6,
            "한글명": "(15)일반환급세액",
            "서식항목": -15,
            "TYPE": "NUMBER",
            "길이": 15,
            "누적": 69,
            "필수": "Not Null",
            "점검내용": "양수및정수검증"
        },
        {
            "번호": 7,
            "한글명": "(16)신탁재산세액",
            "서식항목": -16,
            "TYPE": "NUMBER",
            "길이": 15,
            "누적": 84,
            "필수": "Not Null",
            "점검내용": "양수및정수검증"
        },
        {
            "번호": 8,
            "한글명": "(17)그밖의환급세액-금융회사등",
            "서식항목": -17,
            "TYPE": "NUMBER",
            "길이": 15,
            "누적": 99,
            "필수": "Not Null",
            "점검내용": "양수및정수검증"
        },
        {
            "번호": 9,
            "한글명": "(17)그밖의환급세액-합병등",
            "서식항목": -17,
            "TYPE": "NUMBER",
            "길이": 15,
            "누적": 114,
            "필수": "Not Null",
            "점검내용": "양수및정수검증"
        },
        {
            "번호": 10,
            "한글명": "(18)조정대상환급세액",
            "서식항목": -18,
            "TYPE": "NUMBER",
            "길이": 15,
            "누적": 129,
            "필수": "Not Null",
            "점검내용": "양수및정수검증"
        },
        {
            "번호": 11,
            "한글명": "(19)당월조정환급세액계",
            "서식항목": -19,
            "TYPE": "NUMBER",
            "길이": 15,
            "누적": 144,
            "필수": "Not Null",
            "점검내용": "정수검증"
        },
        {
            "번호": 12,
            "한글명": "(20)차월이월환급세액",
            "서식항목": -20,
            "TYPE": "NUMBER",
            "길이": 15,
            "누적": 159,
            "필수": "Not Null",
            "점검내용": "양수및정수검증"
        },
        {
            "번호": 13,
            "한글명": "(21)환급신청액",
            "서식항목": -21,
            "TYPE": "NUMBER",
            "길이": 15,
            "누적": 174,
            "필수": "Not Null",
            "점검내용": "양수및정수검증"
        },
        {
            "번호": 14,
            "한글명": "승계대상합계차월이월환급세액",
            "서식항목": "",
            "TYPE": "NUMBER",
            "길이": 15,
            "누적": 189,
            "필수": "Not Null",
            "점검내용": "양수및정수검증"
        },
        {
            "번호": 15,
            "한글명": "공란",
            "서식항목": "",
            "TYPE": "CHAR",
            "길이": 11,
            "누적": 200,
            "필수": "",
            "점검내용": "공란검증"
        }
    ],
    "원천징수이행상황신고서_원천징수 명세 및 납부세액": [
        {
            "번호": "",
            "한글명": "자료구분",
            "서식항목": "",
            "TYPE": "CHAR",
            "길이": 2,
            "누적": 2,
            "필수": "Not Null",
            "점검내용": 23
        },
        {
            "번호": "",
            "한글명": "서식코드",
            "서식항목": "",
            "TYPE": "CHAR",
            "길이": 7,
            "누적": 9,
            "필수": "Not Null",
            "점검내용": "C103900"
        },
        {
            "번호": "",
            "한글명": "원천징수소득코드",
            "서식항목": "",
            "TYPE": "CHAR",
            "길이": 3,
            "누적": 12,
            "필수": "Not Null",
            "점검내용": "코드표참조"
        },
        {
            "번호": "",
            "한글명": "인원",
            "서식항목": -4,
            "TYPE": "NUMBER",
            "길이": 15,
            "누적": 27,
            "필수": "Not Null",
            "점검내용": "양의정수형식점검"
        },
        {
            "번호": "",
            "한글명": "총지급액",
            "서식항목": -5,
            "TYPE": "NUMBER",
            "길이": 15,
            "누적": 42,
            "필수": "Not Null",
            "점검내용": "양의정수형식점검"
        },
        {
            "번호": "",
            "한글명": "징수세액(소득세등)",
            "서식항목": -6,
            "TYPE": "NUMBER",
            "길이": 15,
            "누적": 57,
            "필수": "Not Null",
            "점검내용": "정수점검"
        },
        {
            "번호": "",
            "한글명": "징수세액(농특세)",
            "서식항목": -7,
            "TYPE": "NUMBER",
            "길이": 15,
            "누적": 72,
            "필수": "Not Null",
            "점검내용": "정수점검"
        },
        {
            "번호": "",
            "한글명": "가산세",
            "서식항목": -8,
            "TYPE": "NUMBER",
            "길이": 15,
            "누적": 87,
            "필수": "Not Null",
            "점검내용": "양의정수형식점검"
        },
        {
            "번호": "",
            "한글명": "당월조정환급세액",
            "서식항목": -9,
            "TYPE": "NUMBER",
            "길이": 15,
            "누적": 102,
            "필수": "Not Null",
            "점검내용": "정수점검"
        },
        {
            "번호": "",
            "한글명": "납부세액(소득세등)",
            "서식항목": -10,
            "TYPE": "NUMBER",
            "길이": 15,
            "누적": 117,
            "필수": "Not Null",
            "점검내용": "양의정수형식점검"
        },
        {
            "번호": "",
            "한글명": "납부세액(농특세)",
            "서식항목": -11,
            "TYPE": "NUMBER",
            "길이": 15,
            "누적": 132,
            "필수": "Not Null",
            "점검내용": "양의정수형식점검"
        },
        {
            "번호": "",
            "한글명": "공란",
            "서식항목": "",
            "TYPE": "CHAR",
            "길이": 18,
            "누적": 150,
            "필수": "",
            "점검내용": "SPACE"
        }
    ],
    "원천징수이행상황신고서_부표": [
        {
            "번호": 1,
            "한글명": "자료구분",
            "서식항목": "",
            "TYPE": "CHAR",
            "길이": 2,
            "누적": 2,
            "필수": "Not Null",
            "점검내용": 24
        },
        {
            "번호": 2,
            "한글명": "서식코드",
            "서식항목": "",
            "TYPE": "CHAR",
            "길이": 7,
            "누적": 9,
            "필수": "Not Null",
            "점검내용": "C103901"
        },
        {
            "번호": 3,
            "한글명": "원천징수소득코드",
            "서식항목": "",
            "TYPE": "CHAR",
            "길이": 3,
            "누적": 12,
            "필수": "Not Null",
            "점검내용": "코드표참조"
        },
        {
            "번호": 4,
            "한글명": "인원",
            "서식항목": "",
            "TYPE": "NUMBER",
            "길이": 15,
            "누적": 27,
            "필수": "Not Null",
            "점검내용": "양의정수형식점검"
        },
        {
            "번호": 5,
            "한글명": "총지급액",
            "서식항목": "",
            "TYPE": "NUMBER",
            "길이": 15,
            "누적": 42,
            "필수": "Not Null",
            "점검내용": "양의정수형식점검"
        },
        {
            "번호": 6,
            "한글명": "징수세액(소득세등)",
            "서식항목": "",
            "TYPE": "NUMBER",
            "길이": 15,
            "누적": 57,
            "필수": "Not Null",
            "점검내용": "양의정수형식점검"
        },
        {
            "번호": 7,
            "한글명": "징수세액(농특세)",
            "서식항목": "",
            "TYPE": "NUMBER",
            "길이": 15,
            "누적": 72,
            "필수": "Not Null",
            "점검내용": "양의정수형식점검"
        },
        {
            "번호": 8,
            "한글명": "가산세",
            "서식항목": "",
            "TYPE": "NUMBER",
            "길이": 15,
            "누적": 87,
            "필수": "Not Null",
            "점검내용": "양의정수형식점검"
        },
        {
            "번호": 9,
            "한글명": "조정환급세액",
            "서식항목": "",
            "TYPE": "NUMBER",
            "길이": 15,
            "누적": 102,
            "필수": "Not Null",
            "점검내용": "양의정수형식점검"
        },
        {
            "번호": 10,
            "한글명": "납부세액(소득세등)",
            "서식항목": "",
            "TYPE": "NUMBER",
            "길이": 15,
            "누적": 117,
            "필수": "Not Null",
            "점검내용": "양의정수형식점검"
        },
        {
            "번호": 11,
            "한글명": "납부세액(농특세)",
            "서식항목": "",
            "TYPE": "NUMBER",
            "길이": 15,
            "누적": 132,
            "필수": "Not Null",
            "점검내용": "양의정수형식점검"
        },
        {
            "번호": 12,
            "한글명": "공란",
            "서식항목": "",
            "TYPE": "CHAR",
            "길이": 18,
            "누적": 150,
            "필수": "",
            "점검내용": "SPACE"
        }
    ],
    "원천징수세액환급신청서_부표": [
        {
            "번호": "",
            "한글명": "자료구분",
            "서식항목": "",
            "TYPE": "CHAR",
            "길이": 2,
            "누적": 2,
            "필수": "Not Null",
            "점검내용": 27
        },
        {
            "번호": "",
            "한글명": "서식코드",
            "서식항목": "",
            "TYPE": "CHAR",
            "길이": 7,
            "누적": 9,
            "필수": "Not Null",
            "점검내용": "C103902"
        },
        {
            "번호": "",
            "한글명": "일련번호",
            "서식항목": "",
            "TYPE": "NUMBER",
            "길이": 4,
            "누적": 13,
            "필수": "Not Null",
            "점검내용": "숫자,길이점검"
        },
        {
            "번호": "",
            "한글명": "소득의종류코드",
            "서식항목": "",
            "TYPE": "CHAR",
            "길이": 2,
            "누적": 15,
            "필수": "Not Null",
            "점검내용": "코드표참조"
        },
        {
            "번호": "",
            "한글명": "환급귀속연월",
            "서식항목": "",
            "TYPE": "CHAR",
            "길이": 6,
            "누적": 21,
            "필수": "Not Null",
            "점검내용": "년월형식점검"
        },
        {
            "번호": "",
            "한글명": "환급지급년월",
            "서식항목": "",
            "TYPE": "CHAR",
            "길이": 6,
            "누적": 27,
            "필수": "Not Null",
            "점검내용": "년월형식점검"
        },
        {
            "번호": "",
            "한글명": "원천징수소득코드",
            "서식항목": "",
            "TYPE": "CHAR",
            "길이": 3,
            "누적": 30,
            "필수": "Not Null",
            "점검내용": "코드표참조"
        },
        {
            "번호": "",
            "한글명": "인원",
            "서식항목": "",
            "TYPE": "NUMBER",
            "길이": 15,
            "누적": 45,
            "필수": "Not Null",
            "점검내용": "양의정수형식점검"
        },
        {
            "번호": "",
            "한글명": "소득지급액",
            "서식항목": "",
            "TYPE": "NUMBER",
            "길이": 15,
            "누적": 60,
            "필수": "Not Null",
            "점검내용": "양의정수형식점검"
        },
        {
            "번호": "",
            "한글명": "○1결정세액",
            "서식항목": "○1",
            "TYPE": "NUMBER",
            "길이": 15,
            "누적": 75,
            "필수": "Not Null",
            "점검내용": "양의정수형식점검"
        },
        {
            "번호": "",
            "한글명": "②기납부원천징수세액계",
            "서식항목": "②",
            "TYPE": "NUMBER",
            "길이": 15,
            "누적": 90,
            "필수": "Not Null",
            "점검내용": "양의정수형식점검"
        },
        {
            "번호": "",
            "한글명": "기납부세액(주,현)",
            "서식항목": "",
            "TYPE": "NUMBER",
            "길이": 15,
            "누적": 105,
            "필수": "Not Null",
            "점검내용": "양의정수형식점검"
        },
        {
            "번호": "",
            "한글명": "기납부세액(종,전)",
            "서식항목": "",
            "TYPE": "NUMBER",
            "길이": 15,
            "누적": 120,
            "필수": "Not Null",
            "점검내용": "양의정수형식점검"
        },
        {
            "번호": "",
            "한글명": "③차감세액",
            "서식항목": "③",
            "TYPE": "NUMBER",
            "길이": 15,
            "누적": 135,
            "필수": "Not Null",
            "점검내용": "정수형식점검"
        },
        {
            "번호": "",
            "한글명": "④분납금액",
            "서식항목": "④",
            "TYPE": "NUMBER",
            "길이": 15,
            "누적": 150,
            "필수": "Not Null",
            "점검내용": "양의정수형식점검"
        },
        {
            "번호": "",
            "한글명": "⑤조정환급세액",
            "서식항목": "⑤",
            "TYPE": "NUMBER",
            "길이": 15,
            "누적": 165,
            "필수": "Not Null",
            "점검내용": "양의정수형식점검"
        },
        {
            "번호": "",
            "한글명": "○6환급신청액",
            "서식항목": "○6",
            "TYPE": "NUMBER",
            "길이": 15,
            "누적": 180,
            "필수": "Not Null",
            "점검내용": "양의정수형식점검"
        },
        {
            "번호": "",
            "한글명": "공란",
            "서식항목": "",
            "TYPE": "CHAR",
            "길이": 35,
            "누적": 215,
            "필수": "",
            "점검내용": "SPACE"
        }
    ],
    "합병 및 사업자단위과세 전환 등에 따른 차월이월환급세액 승계 명세": [
        {
            "번호": 1,
            "한글명": "자료구분",
            "TYPE": "CHAR",
            "길이": 2,
            "누적": 2,
            "필수": "Not Null",
            "점검내용": 26,
            "": ""
        },
        {
            "번호": 2,
            "한글명": "서식코드",
            "TYPE": "CHAR",
            "길이": 7,
            "누적": 9,
            "필수": "Not Null",
            "점검내용": "C103905",
            "": ""
        },
        {
            "번호": 3,
            "한글명": "일련번호",
            "TYPE": "NUMBER",
            "길이": 4,
            "누적": 13,
            "필수": "Not Null",
            "점검내용": "숫자,길이점검",
            "": ""
        },
        {
            "번호": 4,
            "한글명": "승계대상사업자번호",
            "TYPE": "CHAR",
            "길이": 13,
            "누적": 26,
            "필수": "Not Null",
            "점검내용": "무세적점검",
            "": ""
        },
        {
            "번호": 5,
            "한글명": "상호",
            "TYPE": "CHAR",
            "길이": 30,
            "누적": 56,
            "필수": "Not Null",
            "점검내용": "공란점검",
            "": ""
        },
        {
            "번호": 6,
            "한글명": "차월이월환급세액승계일자",
            "TYPE": "CHAR",
            "길이": 8,
            "누적": 64,
            "필수": "Not Null",
            "점검내용": "년월형식점검",
            "": ""
        },
        {
            "번호": 7,
            "한글명": "차월이월환급세액승계근거",
            "TYPE": "CHAR",
            "길이": 2,
            "누적": 66,
            "필수": "Not Null",
            "점검내용": "01,02,03",
            "": ""
        },
        {
            "번호": 8,
            "한글명": "승계대상차월이월환급세액귀속연월",
            "TYPE": "CHAR",
            "길이": 6,
            "누적": 72,
            "필수": "Not Null",
            "점검내용": "년월형식점검",
            "": ""
        },
        {
            "번호": 9,
            "한글명": "승계대상차월이월환급세액지급연월",
            "TYPE": "CHAR",
            "길이": 6,
            "누적": 78,
            "필수": "Not Null",
            "점검내용": "년월형식점검",
            "": ""
        },
        {
            "번호": 10,
            "한글명": "승계대상차월이월환급세액",
            "TYPE": "NUMBER",
            "길이": 15,
            "누적": 93,
            "필수": "Not Null",
            "점검내용": "양의정수형식점검",
            "": ""
        },
        {
            "번호": 11,
            "한글명": "공란",
            "TYPE": "CHAR",
            "길이": 7,
            "누적": 100,
            "필수": "",
            "점검내용": "SPACE",
            "": ""
        }
    ],
    "기납부세액명세서_원천징수신고납부현황": [
        {
            "번호": 1,
            "한글명": "자료구분",
            "서식항목": "",
            "TYPE": "CHAR",
            "길이": 2,
            "누적": 2,
            "필수": "Not Null",
            "점검내용": 27
        },
        {
            "번호": 2,
            "한글명": "서식코드",
            "서식항목": "",
            "TYPE": "CHAR",
            "길이": 7,
            "누적": 9,
            "필수": "Not Null",
            "점검내용": "C103903"
        },
        {
            "번호": 3,
            "한글명": "소득의구분코드",
            "서식항목": "",
            "TYPE": "CHAR",
            "길이": 2,
            "누적": 11,
            "필수": "Not Null",
            "점검내용": "코드표참조"
        },
        {
            "번호": 4,
            "한글명": "귀속년월",
            "서식항목": "",
            "TYPE": "CHAR",
            "길이": 6,
            "누적": 17,
            "필수": "Not Null",
            "점검내용": "년월형식점검"
        },
        {
            "번호": 5,
            "한글명": "지급년월",
            "서식항목": "",
            "TYPE": "CHAR",
            "길이": 6,
            "누적": 23,
            "필수": "Not Null",
            "점검내용": "년월형식점검"
        },
        {
            "번호": 6,
            "한글명": "원천징수소득코드",
            "서식항목": "",
            "TYPE": "CHAR",
            "길이": 3,
            "누적": 26,
            "필수": "Not Null",
            "점검내용": "코드표참조"
        },
        {
            "번호": 7,
            "한글명": "인원",
            "서식항목": "",
            "TYPE": "NUMBER",
            "길이": 15,
            "누적": 41,
            "필수": "Not Null",
            "점검내용": "양의정수형식점검"
        },
        {
            "번호": 8,
            "한글명": "총지급액",
            "서식항목": "",
            "TYPE": "NUMBER",
            "길이": 15,
            "누적": 56,
            "필수": "Not Null",
            "점검내용": "양의정수형식점검"
        },
        {
            "번호": 9,
            "한글명": "징수세액_①소득세등",
            "서식항목": -1,
            "TYPE": "NUMBER",
            "길이": 15,
            "누적": 71,
            "필수": "Not Null",
            "점검내용": "양의정수형식점검"
        },
        {
            "번호": 10,
            "한글명": "징수세액_②농어촌특별세",
            "서식항목": -2,
            "TYPE": "NUMBER",
            "길이": 15,
            "누적": 86,
            "필수": "Not Null",
            "점검내용": "양의정수형식점검"
        },
        {
            "번호": 11,
            "한글명": "징수세액_가산세",
            "서식항목": "",
            "TYPE": "NUMBER",
            "길이": 15,
            "누적": 101,
            "필수": "Not Null",
            "점검내용": "양의정수형식점검"
        },
        {
            "번호": 12,
            "한글명": "공란",
            "서식항목": "",
            "TYPE": "CHAR",
            "길이": 29,
            "누적": 130,
            "필수": "",
            "점검내용": "SPACE"
        }
    ],
    "기납부세액명세서_지급명세서 기납부세액 현황": [
        {
            "번호": 1,
            "한글명": "자료구분",
            "서식항목": "",
            "TYPE": "CHAR",
            "길이": 2,
            "누적": 2,
            "필수": "Not Null",
            "점검내용": 28
        },
        {
            "번호": 2,
            "한글명": "서식코드",
            "서식항목": "",
            "TYPE": "CHAR",
            "길이": 7,
            "누적": 9,
            "필수": "Not Null",
            "점검내용": "C103903"
        },
        {
            "번호": 3,
            "한글명": "소득의구분코드",
            "서식항목": "",
            "TYPE": "CHAR",
            "길이": 2,
            "누적": 11,
            "필수": "Not Null",
            "점검내용": "코드표 참조"
        },
        {
            "번호": 4,
            "한글명": "주민번호",
            "서식항목": "",
            "TYPE": "CHAR",
            "길이": 13,
            "누적": 24,
            "필수": "",
            "점검내용": "무세적점검"
        },
        {
            "번호": 5,
            "한글명": "성명",
            "서식항목": "",
            "TYPE": "CHAR",
            "길이": 30,
            "누적": 54,
            "필수": "",
            "점검내용": ""
        },
        {
            "번호": 6,
            "한글명": "종(전)근무지",
            "서식항목": "",
            "TYPE": "CHAR",
            "길이": 30,
            "누적": 84,
            "필수": "",
            "점검내용": ""
        },
        {
            "번호": 7,
            "한글명": "종(전)근무지_사업자등록번호",
            "서식항목": "",
            "TYPE": "CHAR",
            "길이": 10,
            "누적": 94,
            "필수": "",
            "점검내용": "무세적점검"
        },
        {
            "번호": 8,
            "한글명": "주(현)_ ③소득세등",
            "서식항목": -3,
            "TYPE": "NUMBER",
            "길이": 15,
            "누적": 109,
            "필수": "Not Null",
            "점검내용": "양의정수형식점검"
        },
        {
            "번호": 9,
            "한글명": "주(현)_ ④농어촌특별세",
            "서식항목": -4,
            "TYPE": "NUMBER",
            "길이": 15,
            "누적": 124,
            "필수": "Not Null",
            "점검내용": "양의정수형식점검"
        },
        {
            "번호": 10,
            "한글명": "종(전)_소득세등",
            "서식항목": "",
            "TYPE": "NUMBER",
            "길이": 15,
            "누적": 139,
            "필수": "Not Null",
            "점검내용": "양의정수형식점검"
        },
        {
            "번호": 11,
            "한글명": "종(전)_농어촌특별세",
            "서식항목": "",
            "TYPE": "NUMBER",
            "길이": 15,
            "누적": 154,
            "필수": "Not Null",
            "점검내용": "양의정수형식점검"
        },
        {
            "번호": 12,
            "한글명": "계_소득세등",
            "서식항목": "",
            "TYPE": "NUMBER",
            "길이": 15,
            "누적": 169,
            "필수": "Not Null",
            "점검내용": "양의정수형식점검"
        },
        {
            "번호": 13,
            "한글명": "계_농어촌특별세",
            "서식항목": "",
            "TYPE": "NUMBER",
            "길이": 15,
            "누적": 184,
            "필수": "Not Null",
            "점검내용": "양의정수형식점검"
        },
        {
            "번호": 14,
            "한글명": "공란",
            "서식항목": "",
            "TYPE": "CHAR",
            "길이": 16,
            "누적": 200,
            "필수": "",
            "점검내용": "SPACE"
        }
    ],
    "기납부세액명세서_기납부세액 차이조정현황": [
        {
            "번호": "",
            "한글명": "자료구분",
            "서식항목": "",
            "TYPE": "CHAR",
            "길이": 2,
            "누적": 2,
            "필수": "Not Null",
            "점검내용": 29
        },
        {
            "번호": "",
            "한글명": "서식코드",
            "서식항목": "",
            "TYPE": "CHAR",
            "길이": 7,
            "누적": 9,
            "필수": "Not Null",
            "점검내용": "C103903"
        },
        {
            "번호": "",
            "한글명": "신고납부현황_합계_인원수",
            "서식항목": "",
            "TYPE": "NUMBER",
            "길이": 15,
            "누적": 24,
            "필수": "Not Null",
            "점검내용": "양의정수검증"
        },
        {
            "번호": "",
            "한글명": "신고납부현황_합계_총지급액",
            "서식항목": "",
            "TYPE": "NUMBER",
            "길이": 15,
            "누적": 39,
            "필수": "Not Null",
            "점검내용": "양의정수검증"
        },
        {
            "번호": "",
            "한글명": "신고납부현황_합계_징수세액_①소득세등",
            "서식항목": "",
            "TYPE": "NUMBER",
            "길이": 15,
            "누적": 54,
            "필수": "Not Null",
            "점검내용": "양의정수검증"
        },
        {
            "번호": "",
            "한글명": "신고납부현황_합계_징수세액_②농어촌특별세",
            "서식항목": "",
            "TYPE": "NUMBER",
            "길이": 15,
            "누적": 69,
            "필수": "Not Null",
            "점검내용": "양의정수검증"
        },
        {
            "번호": "",
            "한글명": "신고납부현황_합계_징수세액_가산세",
            "서식항목": "",
            "TYPE": "NUMBER",
            "길이": 15,
            "누적": 84,
            "필수": "Not Null",
            "점검내용": "양의정수검증"
        },
        {
            "번호": "",
            "한글명": "기납부세액현황_합계_주(현)_소득세등",
            "서식항목": "",
            "TYPE": "NUMBER",
            "길이": 15,
            "누적": 99,
            "필수": "Not Null",
            "점검내용": "양의정수검증"
        },
        {
            "번호": "",
            "한글명": "기납부세액현황_합계_주(현)_농어촌특별세",
            "서식항목": "",
            "TYPE": "NUMBER",
            "길이": 15,
            "누적": 114,
            "필수": "Not Null",
            "점검내용": "양의정수검증"
        },
        {
            "번호": "",
            "한글명": "기납부세액현황_합계_종(전)_소득세등",
            "서식항목": "",
            "TYPE": "NUMBER",
            "길이": 15,
            "누적": 129,
            "필수": "Not Null",
            "점검내용": "양의정수검증"
        },
        {
            "번호": "",
            "한글명": "기납부세액현황_합계_종(전)_농어촌특별세",
            "서식항목": "",
            "TYPE": "NUMBER",
            "길이": 15,
            "누적": 144,
            "필수": "Not Null",
            "점검내용": "양의정수검증"
        },
        {
            "번호": "",
            "한글명": "기납부세액현황_합계_계_소득세등",
            "서식항목": "",
            "TYPE": "NUMBER",
            "길이": 15,
            "누적": 159,
            "필수": "Not Null",
            "점검내용": "양의정수검증"
        },
        {
            "번호": "",
            "한글명": "기납부세액현황_합계_계_농어촌특별세",
            "서식항목": "",
            "TYPE": "NUMBER",
            "길이": 15,
            "누적": 174,
            "필수": "Not Null",
            "점검내용": "양의정수검증"
        },
        {
            "번호": "",
            "한글명": "차이조정현황_①소득세등_합계",
            "서식항목": -1,
            "TYPE": "NUMBER",
            "길이": 15,
            "누적": 189,
            "필수": "Not Null",
            "점검내용": "양의정수형식점검"
        },
        {
            "번호": "",
            "한글명": "차이조정현황_③소득세등_합계",
            "서식항목": -3,
            "TYPE": "NUMBER",
            "길이": 15,
            "누적": 204,
            "필수": "Not Null",
            "점검내용": "양의정수형식점검"
        },
        {
            "번호": "",
            "한글명": "차이조정현황_차이금액(③-①)",
            "서식항목": "",
            "TYPE": "NUMBER",
            "길이": 15,
            "누적": 219,
            "필수": "Not Null",
            "점검내용": "정수점검"
        },
        {
            "번호": "",
            "한글명": "차이조정현황_②농어촌특별세합계",
            "서식항목": -2,
            "TYPE": "NUMBER",
            "길이": 15,
            "누적": 234,
            "필수": "Not Null",
            "점검내용": "양의정수형식점검"
        },
        {
            "번호": "",
            "한글명": "차이조정현황_④농어촌특별세합계",
            "서식항목": -4,
            "TYPE": "NUMBER",
            "길이": 15,
            "누적": 249,
            "필수": "Not Null",
            "점검내용": "양의정수형식점검"
        },
        {
            "번호": "",
            "한글명": "차이조정현황_차이금액(④-②)",
            "서식항목": "",
            "TYPE": "NUMBER",
            "길이": 15,
            "누적": 264,
            "필수": "Not Null",
            "점검내용": "정수점검"
        },
        {
            "번호": "",
            "한글명": "차이조정현황_사유코드_중도퇴사자지급명세서포함",
            "서식항목": "",
            "TYPE": "CHAR",
            "길이": 1,
            "누적": 265,
            "필수": "Not Null",
            "점검내용": "Y,N"
        },
        {
            "번호": "",
            "한글명": "차이조정현황_사유코드_전입자",
            "서식항목": "",
            "TYPE": "CHAR",
            "길이": 1,
            "누적": 266,
            "필수": "Not Null",
            "점검내용": "Y,N"
        },
        {
            "번호": "",
            "한글명": "차이조정현황_사유코드_전출자",
            "서식항목": "",
            "TYPE": "CHAR",
            "길이": 1,
            "누적": 267,
            "필수": "Not Null",
            "점검내용": "Y,N"
        },
        {
            "번호": "",
            "한글명": "차이조정현황_사유코드_합병분할",
            "서식항목": "",
            "TYPE": "CHAR",
            "길이": 1,
            "누적": 268,
            "필수": "Not Null",
            "점검내용": "Y,N"
        },
        {
            "번호": "",
            "한글명": "차이조정현황_사유코드_기타",
            "서식항목": "",
            "TYPE": "CHAR",
            "길이": 1,
            "누적": 269,
            "필수": "Not Null",
            "점검내용": "Y,N"
        },
        {
            "번호": "",
            "한글명": "사유내용",
            "서식항목": "",
            "TYPE": "CHAR",
            "길이": 100,
            "누적": 369,
            "필수": "Null",
            "점검내용": ""
        },
        {
            "번호": "",
            "한글명": "공란",
            "서식항목": "",
            "TYPE": "CHAR",
            "길이": 31,
            "누적": 400,
            "필수": "SPACE",
            "점검내용": "SPACE"
        }
    ],
    "전월미환급급세액 조정명세서_전월미환급세액내역": [
        {
            "번호": "",
            "한글명": "자료구분",
            "서식항목": "",
            "TYPE": "CHAR",
            "길이": 2,
            "누적": 2,
            "NULL허용": "Not Null",
            "점검내용": 27
        },
        {
            "번호": "",
            "한글명": "서식코드",
            "서식항목": "",
            "TYPE": "CHAR",
            "길이": 7,
            "누적": 9,
            "NULL허용": "Not Null",
            "점검내용": "C103904"
        },
        {
            "번호": "",
            "한글명": "귀속년월",
            "서식항목": "",
            "TYPE": "CHAR",
            "길이": 6,
            "누적": 15,
            "NULL허용": "Not Null",
            "점검내용": "년월형식점검"
        },
        {
            "번호": "",
            "한글명": "지급년월",
            "서식항목": "",
            "TYPE": "CHAR",
            "길이": 6,
            "누적": 21,
            "NULL허용": "Not Null",
            "점검내용": "년월형식점검"
        },
        {
            "번호": "",
            "한글명": "신고구분",
            "서식항목": "",
            "TYPE": "CHAR",
            "길이": 2,
            "누적": 23,
            "NULL허용": "Not Null",
            "점검내용": "코드표참조"
        },
        {
            "번호": "",
            "한글명": "세목및코드",
            "서식항목": "",
            "TYPE": "CHAR",
            "길이": 2,
            "누적": 25,
            "NULL허용": "Not Null",
            "점검내용": "코드표참조"
        },
        {
            "번호": "",
            "한글명": "①발생환급세액",
            "서식항목": -1,
            "TYPE": "NUMBER",
            "길이": 15,
            "누적": 40,
            "NULL허용": "Not Null",
            "점검내용": "양의정수형식점검"
        },
        {
            "번호": "",
            "한글명": "②같은세목의납부할세액",
            "서식항목": -2,
            "TYPE": "NUMBER",
            "길이": 15,
            "누적": 55,
            "NULL허용": "Not Null",
            "점검내용": "양의정수형식점검"
        },
        {
            "번호": "",
            "한글명": "③당월발생환급세액(①-②)",
            "서식항목": -3,
            "TYPE": "NUMBER",
            "길이": 15,
            "누적": 70,
            "NULL허용": "Not Null",
            "점검내용": "정수점검"
        },
        {
            "번호": "",
            "한글명": "공란",
            "서식항목": "",
            "TYPE": "CHAR",
            "길이": 30,
            "누적": 100,
            "NULL허용": "",
            "점검내용": "SPACE"
        }
    ],
    "전월미환급급세액 조정명세서_환급세액 조정 현황": [
        {
            "번호": "",
            "한글명": "자료구분",
            "서식항목": "",
            "TYPE": "CHAR",
            "길이": 2,
            "누적": 2,
            "NULL허용": "Not Null",
            "점검내용": 28
        },
        {
            "번호": "",
            "한글명": "서식코드",
            "서식항목": "",
            "TYPE": "CHAR",
            "길이": 7,
            "누적": 9,
            "NULL허용": "Not Null",
            "점검내용": "C103904"
        },
        {
            "번호": "",
            "한글명": "귀속년월",
            "서식항목": "",
            "TYPE": "CHAR",
            "길이": 6,
            "누적": 15,
            "NULL허용": "Not Null",
            "점검내용": "년월형식점검"
        },
        {
            "번호": "",
            "한글명": "지급년월",
            "서식항목": "",
            "TYPE": "CHAR",
            "길이": 6,
            "누적": 21,
            "NULL허용": "Not Null",
            "점검내용": "년월형식점검"
        },
        {
            "번호": "",
            "한글명": "전월미환급세액_④전월미환급세액",
            "서식항목": -4,
            "TYPE": "NUMBER",
            "길이": 15,
            "누적": 36,
            "NULL허용": "Not Null",
            "점검내용": "양의정수형식점검"
        },
        {
            "번호": "",
            "한글명": "전월미환급세액_⑤기환급세액",
            "서식항목": -5,
            "TYPE": "NUMBER",
            "길이": 15,
            "누적": 51,
            "NULL허용": "Not Null",
            "점검내용": "양의정수형식점검"
        },
        {
            "번호": "",
            "한글명": "전월미환급세액_⑥차감잔액",
            "서식항목": -6,
            "TYPE": "NUMBER",
            "길이": 15,
            "누적": 66,
            "NULL허용": "Not Null",
            "점검내용": "양의정수형식점검"
        },
        {
            "번호": "",
            "한글명": "⑦당월발생환급세액",
            "서식항목": -7,
            "TYPE": "NUMBER",
            "길이": 15,
            "누적": 81,
            "NULL허용": "Not Null",
            "점검내용": "양의정수형식점검"
        },
        {
            "번호": "",
            "한글명": "⑧조정대상환급세액",
            "서식항목": -8,
            "TYPE": "NUMBER",
            "길이": 15,
            "누적": 96,
            "NULL허용": "Not Null",
            "점검내용": "양의정수형식점검"
        },
        {
            "번호": "",
            "한글명": "⑨당월조정환급세액",
            "서식항목": -9,
            "TYPE": "NUMBER",
            "길이": 15,
            "누적": 111,
            "NULL허용": "Not Null",
            "점검내용": "양의정수형식점검"
        },
        {
            "번호": "",
            "한글명": "⑩차월이월환급세액",
            "서식항목": -10,
            "TYPE": "NUMBER",
            "길이": 15,
            "누적": 126,
            "NULL허용": "Not Null",
            "점검내용": "양의정수형식점검"
        },
        {
            "번호": "",
            "한글명": "공란",
            "서식항목": "",
            "TYPE": "CHAR",
            "길이": 24,
            "누적": 150,
            "NULL허용": "SPACE",
            "점검내용": "SPACE"
        }
    ]
}